id,name,process_code,description,process_description
data/known_urgent/695320-2023,Herstel brandschade,neg-wo-call,Op 28 januari 2023 is er een grote brand geweest in de parkeergarage van sportzaal Koningshof Het Baken 2 te Pijnacker. De bovenliggende sportvoorziening is door roetschade onbruikbaar geworden. € 245.000,
data/known_urgent/330906-2024,Aankondiging van vrijwillige transparantie hotelopvang vluchtelingen,neg-wo-call,"Voorwerp van de opdracht
Op basis van de Regeling van de Minister van Justitie en Veiligheid en de Staatssecretaris van Justitie en Veiligheid inzake “Regels voor de huisvesting en verzorging van ontheemden als gevolg van het oorlogsgeweld in Oekraïne’’, wordt op diverse locaties binnen de gemeente voorzien in de tijdelijke opvang van Oekraïense vluchtelingen. 

Onderwerp van deze publicatie zijn de locaties Hotel Rooland in Arcen (huisvesting ca 114 vluchtelingen) en Hotel Woensdag in Velden (huisvesting ca 31 vluchtelingen). In 2022 zijn deze twee locaties onderhands gecontracteerd op basis van dwingende spoed.
Van deze twee locaties wil de gemeente Venlo aanvullend gebruik maken tot en met het einde van 2023. 
Vanaf begin 2024 beoogd de gemeente structurele opvang elders te kunnen verzorgen.

Voor nadere informatie over deze aankondiging kunt u contact opnemen met onze beleidsadviseur vastgoed, mevrouw Marian Evers, telefoon 0634300770 Onderwerp van deze publicatie zijn de locaties Hotel Rooland in Arcen (huisvesting ca 114 vluchtelingen) en Hotel Woensdag in Velden (huisvesting ca 31 vluchtelingen). In 2022 zijn deze twee locaties onderhands gecontracteerd op basis van dwingende spoed.
Van deze twee locaties wil de gemeente Venlo aanvullend gebruik maken tot en met het einde van 2023. 
Vanaf begin 2024 beoogd de gemeente structurele opvang elders te kunnen verzorgen.","Op basis van de Regeling van de Minister van Justitie en Veiligheid en de Staatssecretaris van Justitie en Veiligheid inzake “Regels voor de huisvesting en verzorging van ontheemden als gevolg van het oorlogsgeweld in Oekraïne’’, wordt op diverse locaties binnen de gemeente voorzien in de tijdelijke opvang van Oekraïense vluchtelingen. Onderwerp van deze publicatie zijn de locaties Hotel Rooland in Arcen (huisvesting ca 114 vluchtelingen) en Hotel Woensdag in Velden (huisvesting ca 31 vluchtelingen). In 2022 zijn deze twee locaties onderhands gecontracteerd op basis van dwingende spoed. Van deze twee locaties wil de gemeente Venlo aanvullend gebruik maken tot en met het einde van 2023. Vanaf begin 2024 beoogd de gemeente structurele opvang elders te kunnen verzorgen."
data/known_urgent/135744-2024,Schoonmaak noodopvang,neg-wo-call,Schoonmaak noodopvang Dagelijkse schoonmaak noodopvang asielzoekers 150 personen,
data/known_urgent/707334-2023,Contractwijziging  Landelijk - Het meten van de effecten van  hogesnelheidspassage langs station Kampen Zuid,neg-wo-call,Zie bijgevoegd document Zie bijgevoegd document,
data/known_urgent/516086-2024,Units tijdelijke gemeentelijke opvanglocatie (TGO)  Eindhovenseweg 50,open,De gemeente Eindhoven gaat op zeer korte termijn een tijdelijke gemeentelijke opvanglocatie (TGO) realiseren voor 300 asielzoekers/statushouders op de Eindhovenseweg 50 voor de duur van tenminste vijf jaar. Tot dat doel wil zij tijdelijke units volledig ingericht kopen en geleverd/aangesloten krijgen op locatie volgen een eigen technisch Programma van Eisen. De geraamde waarde van de opdracht bedraagt naar verwachting €6.000.000 inclusief herzieningsclausule.,"Opdrachtgever volgt, gelet op de aard en de geraamde omvang van de opdracht, een versnelde Europees openbare aanbestedingsprocedure conform de Aanbestedingswet. 

Het Centraal Orgaan opvang asielzoekers (COA) heeft acuut en langdurig behoefte aan extra opvangcapaciteit vanwege een plotselinge toename in het aantal mensen dat opvang nodig heeft. De aanbestedende dienst is een bestuursovereenkomst met het COA aangegaan om op korte termijn invulling te geven aan deze acute behoefte, middels de realisatie en ter beschikking stellen van een TGO aan de Eindhovenseweg 50. 

Volgens de Europese richtlijn 2014/24/EU inzake overheidsopdrachten, artikel 27, lid 3, kunnen aanbestedende diensten een versnelde procedure toepassen bij dwingende spoed, veroorzaakt door gebeurtenissen die niet te voorzien waren door de aanbestedende dienst. De plotselinge toename in opvangcapaciteit bij het COA voldoet aan deze criteria van onvoorzienbaarheid en dwingende spoed.

Hoewel de procedure versneld wordt uitgevoerd, blijft de aanbestedende dient zich inzetten om een eerlijke en transparante aanbesteding te waarborgen. Alle potentiële marktpartijen krijgen een gelijke kans om hun inschrijvingen in te dienen, en de versnelde procedure zal in overeenstemming zijn met de principes van non-discriminatie en gelijke behandeling."
data/known_urgent/126686-2024,Catering,neg-wo-call,"Catering 150 personen, 182 dagen",
data/known_urgent/51481-2024,Inhuur Technisch en Ondersteunend Personeel Overbruggingsovereenkomst,neg-wo-call,"Het hoogheemraadschap van Rijnland en het hoogheemraadschap Schieland en de Krimpenerwaard (hierna: “Opdrachtgevers”) zijn voornemens om met de raamcontractanten voor de raamovereenkomsten “Inhuur van technisch en ondersteunend personeel” overbruggingsovereenkomsten te sluiten. De reden hiervoor is dat vanwege onvoorzienbare omstandigheden dwingende spoed is ontstaan bij tijdelijke overeenkomsten.
Er is in dit specifieke geval sprake van dwingende spoed, omdat Opdrachtgevers in de tussenliggende periode tussen de oude en de nieuw te sluiten raamovereenkomst wel technisch en ondersteunend personeel moeten inhuren voor de uitvoering van werkzaamheden in het kader van bedrijfsvoering en de wettelijke taak. In het bijzonder zou het grote gevolgen kunnen hebben voor de realisatie van projecten. De onvoorzienbare omstandigheid heeft zich voorgedaan dat Opdrachtgevers vertraging van (circa) twee maanden hebben opgelopen in verband met de aanbesteding (TenderNed nummer 438410) voor de inhuur van technisch en ondersteunend personeel. In het bijzonder is deze vertraging ontstaan door aanpassing van de perceelindeling. Daardoor sluiten de nieuw te sluiten raamovereenkomsten niet meer aan op de einddatum van de lopende raamovereenkomsten.

Opdrachtgevers doen een beroep op dwingende spoed (ex artikel 2.32 lid 1, sub c, Aanbestedingswet 2012) om tijdelijke overeenkomsten, ter overbrugging van de periode tussen het initiële einde van de raamovereenkomsten en de start van de nieuw te sluiten raamovereenkomsten, te sluiten.",
data/known_urgent/134227-2024,Bouw noodopvang,neg-wo-call,Bouw noodopvang 150 personen Noodopvang voor 150 personen,
data/known_urgent/269393-2024,Levering transport verpakkingen,open,"Aanleiding en achtergrond
Er zijn diverse behoeftes ontstaan voor het afnemen van verschillende soorten transport verpakkingen. In de tussentijd is de aanbesteding voor de raamovereenkomst van kunststof verpakkingen teruggetrokken. Om zo snel mogelijk te kunnen voldoen aan de behoeftes is er besloten om een aparte aanbesteding voor deze verschillende behoeftes op te starten.De levering van diverse soorten transport verpakkingen. De scope van deze opdracht bedraagt de levering van diverse soorten transport verpakkingen. Het gaat hierbij om de levering van:

- 6x  transportverpakking C-bogen inclusief opties (eventueel);
- 115x kunststof koffers mortieren inclusief opties (eventueel);
- kunststof koffers t.b.v. het verpakken van 1 MQ9 GCS Reaper inclusief opties (eventueel)*;
- 145x kunststof koffers t.b.v. laptops en defecte batterijen inclusief opties (eventueel);
- 161x kunststof koffers t.b.v. MAG 7.62 inclusief opties (eventueel);
- 198x kunststof koffers t.b.v. uitrusting KCT inclusief opties (eventueel).
**

* De aanbestedende dienst kan op voorhand niet meegeven hoeveel kunststof koffers benodigd zijn om de MQ9 GCS Reaper te verpakken. Het is aan de inschrijver om te bepalen in hoeveel kunststof koffers de MQ9 GCS Reaper verpakt dient te worden.

**Deze aanbesteding staat los van de (her)aanbesteding 'Raamovereenkomst kunststof koffers'. Wegens het terugtrekken van de aanbesteding 'Raamovereenkomst kunststof koffers'  met tendernummer 201890, deze opdrachten spoed hebben en er nog geen zicht is op wanneer de heraanbesteding van de raamovereenkomst kunststof koffers gaat plaatsvinden, is er besloten om voor deze behoeftes een aparte aanbesteding te doorlopen. 

De hierbij gebruikte procedure is de openbare procedure uit de Aanbestedingswet 2012.
De procedure verloopt volledig elektronisch via het online aanbestedingsplatform Mercell. Nadere informatie over het gebruik van Mercell leest u hier.

Aanbestedende dienst en opdrachtgever
De Aanbestedende dienst en opdrachtgever is de Koninklijke Landmacht. Het Materieellogistiek Commando Land (MatlogCo), onderdeel van de Koninklijke Landmacht is verantwoordelijk voor de instandhouding van het grondgebonden materieel van Defensie. Voor meer informatie over het Ministerie van Defensie is de website www.defensie.nl te raadplegen.
 
",
data/known_urgent/589895-2023,Huren locatie voor opvang ontheemden uit de Oekraïne,neg-wo-call,Huren hotel voor opvang ontheemden uit de Oekraïne. 75 opvangplaatsen,
data/known_urgent/693706-2024,Sleep- en Bergingsdiensten,open,"De Gemeente Den Haag nodigt gekwalificeerde en ervaren partijen uit om deel te nemen aan deze aanbesteding voor het uitvoeren van sleep- en bergingsdiensten binnen de gemeentegrenzen. Deze diensten omvatten niet alleen het slepen en bergen van voertuigen en vaartuigen, maar ook andere gerelateerde activiteiten zoals het toepassen van wielklemmen, verwijdering van voertuigen, vaartuigen en andere objecten uit de openbare ruimte. Het beschikbaar stellen van opslagfaciliteiten en de vernietiging van vaartuigen en voertuigwrakken. 
",
data/known_urgent/534632-2024,PGO - Limburg-1 verlengingsovereenkomst,neg-wo-call,Verleningsovereenkomst met de zittende PGO aannemer teneinde een nieuwe opdrachtnemer voldoende tijd te geven voor de start van haar werkzaamheden in het onderhoudsgebied PGO Limburg-2 7 maanden,Verleningsovereenkomst met de zittende PGO aannemer teneinde een nieuwe opdrachtnemer voldoende tijd te geven voor de start van haar werkzaamheden in het onderhoudsgebied PGO Limburg-2
data/known_urgent/761993-2023,Noodbeluchting,neg-wo-call,Inzet tijdelijke noodbeluchting Tijdelijke Nood beluchtingsinstallatie,
data/known_urgent/639725-2023,Wijziging overeenkomst IT sourcing 2019,neg-wo-call,Wijziging van de overeenkomst IT sourcing 2019 35.0000.000,
data/known_urgent/596350-2023,Productie en Levering ME Kleding en protectie,neg-wo-call,"De Opdracht omvat de productie en Levering van kleding en protectie voor de medewerkers van de Mobiele Eenheid (ME) van de Politie. 12.100.000,00",
data/known_urgent/589621-2024,Inrichting Opvanglocaties,open,"Het gaat in deze aanbesteding om het leveren van meubels en witgoed ten behoeve van opvanglocaties voor ontheemden in de gemeente Den Haag, in twee percelen (perceel 1: meubels, perceel 2: witgoed). 
",
data/known_urgent/51165-2024,Inhuur Technisch en Ondersteunend Personeel Overbruggingsovereenkomst,neg-wo-call,"Het hoogheemraadschap van Rijnland en het hoogheemraadschap Schieland en de Krimpenerwaard (hierna: “Opdrachtgevers”) zijn voornemens om met de raamcontractanten voor de raamovereenkomsten “Inhuur van technisch en ondersteunend personeel” overbruggingsovereenkomsten te sluiten. De reden hiervoor is dat vanwege onvoorzienbare omstandigheden dwingende spoed is ontstaan bij tijdelijke overeenkomsten.
Er is in dit specifieke geval sprake van dwingende spoed, omdat Opdrachtgevers in de tussenliggende periode tussen de oude en de nieuw te sluiten raamovereenkomst wel technisch en ondersteunend personeel moeten inhuren voor de uitvoering van werkzaamheden in het kader van bedrijfsvoering en de wettelijke taak. In het bijzonder zou het grote gevolgen kunnen hebben voor de realisatie van projecten. De onvoorzienbare omstandigheid heeft zich voorgedaan dat Opdrachtgevers vertraging van (circa) twee maanden hebben opgelopen in verband met de aanbesteding (TenderNed nummer 438410) voor de inhuur van technisch en ondersteunend personeel. In het bijzonder is deze vertraging ontstaan door aanpassing van de perceelindeling. Daardoor sluiten de nieuw te sluiten raamovereenkomsten niet meer aan op de einddatum van de lopende raamovereenkomsten. 

Opdrachtgevers doen een beroep op dwingende spoed (ex artikel 2.32 lid 1, sub c, Aanbestedingswet 2012) om tijdelijke overeenkomsten, ter overbrugging van de periode tussen het initiële einde van de raamovereenkomsten en de start van de nieuw te sluiten raamovereenkomsten, te sluiten.",
data/known_urgent/763223-2023,Tijdelijke huisvesting basisschool Ter Apel,open,"De gemeente Westerwolde zoekt een aannemer voor het leveren van een tijdelijke huisvesting voor het onderbrengen van een basisschool. 

Om de beste leverancier te selecteren, is gekozen voor een openbare Europese aanbesteding. Het doel van deze aanbesteding is om één opdrachtnemer te selecteren voor het ontwerpen, bouwen en plaatsen van een tijdelijke huisvesting unit in Ter Apel. Een tijdelijke huisvesting ten behoeve van een basisschool",Op dit moment is er sprake van een ernstige tekortkoming aan het dak van de huidige basisschool. Dit is een onvoorzienbare gebeurtenissen voor de gemeente. Om het basisonderwijs te continueren is het noodzakelijk dat er zo snel mogelijk een tijdelijke huisvesting wordt gerealiseerd. De vaste termijnen die gelden bij andere Europese aanbestedingsprocedures zijn onverenigbaar met het dwingende spoed karakter van deze opdracht. Er is om deze reden gekozen voor een versnelde procedure waarbij kortere termijnen van reageren worden gehanteerd.
data/known_urgent/657407-2024,Raamovereenkomst levering pneumothorax ventielen (achteraf publicatie).,open,"Bij de publicatie van de Europese aanbesteding ""Raamovereenkomst levering decompressienaalden en 2 soorten
ventielpneumothorax"" zijn er 4 ongeldige inschrijvingen ingediend. Zie link Mercell: https://s2c.mercell.com/today/97626.

De Aanbestedende dienst naar aanleiding hiervan de raamovereenkomst niet rechtmatig kan/mag gunnen. Ook kan geconcludeerd worden dat de
Aanbestedende dienst niet had kunnen voorzien dat er in de onderhavige Europese openbare procedure vier ongeldige inschrijvingen zouden
worden ingediend. Dat zal slechts anders zijn indien er sprake is van opzettelijke fouten aan de zijde van Defensie, waarvan in de onderhavige
aanbestedingsprocedure geen sprake is. Voor de Aanbestedende dienst zijn de mogelijkheden om de termijnen te verkorten van de openbare
procedure, de niet open-openbare en de onderhandelingsprocedure met voorafgaande bekendmaking (zie artikel 2.71 tot en met 2.74
Aanbestedingswet) niet afdoende om te voldoen aan de directe vraag naar deze producten voor de bedrijfsvoering van de Aanbestedende dienst.
De Aanbestedende dienst doet derhalve een beroep op de uitzondering van dwingende spoed (artikel 2.32 lid 1 sub c Aanbestedingswet) om een
raamovereenkomst voor de duur van maximaal 6 maanden af te sluiten.

",
data/known_urgent/596365-2023,31191211: Verwijderen getijdencentrale Oosterscheldekering,neg-wo-call,Verwijdering van de getijdencentrale van de Oosterscheldekering. Zie het reeds ingevulde veld m.b.t. de korte beschrijving.,
data/known_urgent/100030-2024,31188205: Calamiteit A7 Prinses Margriettunnel,neg-wo-call,"Het onderzoeken, ontwerpen en realiseren van herstelwerkzaamheden aan de Prinses Margriettunnel in de A7. Zie het reeds ingevulde veld m.b.t. de korte beschrijving.",
data/known_urgent/104336-2024,Vrijwillige transparantie cateringdiensten en huisvesting vluchtelingen Gemeente Dinkelland ,neg-wo-call,"Besloten wordt om voor het verblijf van Oekraïense vluchtelingen en de bijbehorende cateringdiensten gebruik te blijven maken van het aanbod van Klooster Franciscanessen te Denekamp. De afspraken met het klooster zijn 30 juni 2022 gemaakt. Hierbij is destijds wegens dwingende spoed gebruik gemaakt van de onderhandelingsprocedure zonder aankondiging (artikel 2.32 Aanbestedingswet). Deze afspraken worden ook na afloop van dit jaar voortgezet en in een samenwerkingsovereenkomst nader uitgewerkt. 

Nederland heeft te maken met een vluchtelingencrisis. Sinds de oorlog tussen Oekraïne en Rusland is de vluchtelingenstroom alleen maar groter geworden. Gemeenten is daardoor gevraagd om (tijdelijk) een crisisnoodopvang te organiseren voor vluchtelingen. Gemeente Dinkelland huisvest momenteel circa 120 Oekraïense vluchtelingen in het klooster in Denekamp. De eigenaren van het klooster, de  Zusters van Denekamp (Franciscanessen van Thuine), hebben Huize Elisabeth en het oude Franciscushuis vrijwillig en belangeloos ter beschikking gesteld. De nonnen doen dit allemaal uit eigen initiatief en in het kader van humanitaire hulp. De vluchtelingen mogen hier verblijven en worden voorzien van maaltijden.","Motivatie voor vrijwillige transparantie 
Besloten wordt om voor het verblijf van Oekraïense vluchtelingen en de bijbehorende cateringdiensten gebruik te blijven maken van het aanbod van Klooster Franciscanessen te Denekamp. De afspraken met het klooster zijn 30 juni 2022 gemaakt. Hierbij is destijds wegens dwingende spoed gebruik gemaakt van de onderhandelingsprocedure zonder aankondiging (artikel 2.32 Aanbestedingswet). Deze afspraken worden ook na afloop van dit jaar voortgezet en in een samenwerkingsovereenkomst nader uitgewerkt. 
Samenvatting 

Nederland heeft te maken met een vluchtelingencrisis. Sinds de oorlog tussen Oekraïne en Rusland is de vluchtelingenstroom alleen maar groter geworden. Gemeenten is daardoor gevraagd om (tijdelijk) een crisisnoodopvang te organiseren voor vluchtelingen. Gemeente Dinkelland huisvest momenteel circa 120 Oekraïense vluchtelingen in het klooster in Denekamp. De eigenaren van het klooster, de  Zusters van Denekamp (Franciscanessen van Thuine), , hebben Huize Elisabeth en het oude Franciscushuis vrijwillig en belangeloos ter beschikking gesteld. De nonnen doen dit allemaal uit eigen initiatief en in het kader van humanitaire hulp. De vluchtelingen mogen hier verblijven en worden voorzien van maaltijden.
Binnen de gemeentelijke grenzen is er geen andere partij of locatie waar deze Oekraïense vluchtelingen ondergebracht kunnen worden en worden voorzien van eten voor het bedrag van €11,55 per persoon per dag (prijspeil 1-1-24). Daarnaast is het niet wenselijk om de gezinnen, vrouwen en kinderen te verplaatsen naar een andere locatie binnen of buiten de gemeentegrenzen.  

Gezien deze redenen is bij het beschikbaar krijgen van de hiervoor noodzakelijke verblijflocatie en cateringdiensten onder uitzondering afgeweken van de voor inkooptrajecten voorgeschreven regels en procedures op grond van het Inkoop- en aanbestedingsbeleid en de Aanbestedingswet 2012. Om te zorgen voor openheid en transparantie doen wij deze publicatie van vrijwillige transparantie.

Het resultaat is om de afspraken met het klooster te continueren. In de samenwerkingsovereenkomst met het klooster wordt een opzeggingstermijn van twee (2) maanden opgenomen en wordt ook vastgelegd dat het klooster, mocht al eerder duidelijk worden dat de opvang van de vluchtelingen niet zal worden voortgezet, de gemeente hiervan op de hoogte stelt.

"
data/known_urgent/788285-2023,Spoedopdracht t.b.v. Dijkversterkingsproject KIJK,neg-wo-call,Het hoogheemraadschap van Schieland en de Krimpenerwaard (HHSK) heeft een spoedopdracht ten behoeve van Dijkversterkingproject KIJK aan combinatieaannemers KIGO (Van Hattum Blankevoort BV en Boskalis Nederland BV) gegund op basis van een onderhandelingsprocedure zonder voorafgaande bekendmaking conform art. 2.32 lid 1 sub c AW. Werkzaamheden in december 2023 en januari 2024,
data/known_urgent/589861-2023,NetApp Storage zaakopslag t.b.v. het NFI,neg-wo-call,"Levering en installatie/configuratie van NetApp storage, inclusief support voor de duur van 5 jaar 1X NetApp FAS8300-HA
1X NetApp AFF C800 HA
2X NVIDIA Switches

1X 60 maanden Arrow support en NRD ten behoeve van NetApp FAS8300
1X 60 maanden Arrow support en NRD ten behoeve van NetApp AFF C800 
2X 60 maanden NetApp support ten behoeve van NVIDIA switches
1X Fixed Price Project: Installatie, configuratie, datamigratie en 4x per jaar adviesupdates, case bespreking indien er supportcases zijn geweest
1",
data/known_urgent/539362-2024,Vrijwillige transparantie vooraf- Opvang Oekraïense vluchtelingen hotel,neg-wo-call,"Het gaat om een vrijwillige transparantie vooraf.
De gemeente Rijswijk is voornemens om voor de periode 1 juli 2024 tot en met 30 juni 2025 (eenmalige verlenging mogelijk tot en met 31 december 2025) 10 hotelkamers af te nemen bij Savarin te Rijswijk voor de opvang van Oekraïense vluchtelingen. De opdrachtwaarde (incl. verlenging) bedraagt € 1.080.000,00. In het kader van transparantie, gelijkheid en
objectiviteit kondigen wij aan dat wij voornemens zijn te gunnen. In het geval belanghebbenden daartegen bezwaar hebben, kunnen zij
dit kenbaar maken binnen 20 dagen vanaf het moment van publicatie van deze aankondiging. Vanaf het moment dat gemeente Rijswijk voor de opvang van de Oekraïense vluchtelingen moest zorgen waren slechts twee partijen in beeld, Savarin en hotel Best Western (deze opdracht is reeds eerder aangekondigd). € 1.080.000","In het kader van transparantie, gelijkheid en objectiviteit hebben wij aangekondigd dat wij voornemens zijn te gunnen. In het geval belanghebbenden daartegen bezwaar hebben, konden zij dit kenbaar maken binnen 20 dagen vanaf het moment van publicatie 
van de vrijwillige transparantie. Vanaf het moment dat gemeente Rijswijk voor de opvang van de Oekraïense vluchtelingen moest zorgen waren slechts twee partijen in beeld, Savarin en hotel Best Western (deze opdracht is reeds eerder aangekondigd). De gemeente Rijswijk stelt het belang van Oekraïense ontheemden voorop. Hun traumatische ervaringen zorgen voor steeds meer zichtbare psychosociale problematiek. Zij kunnen slecht omgaan met wisselingen en hebben behoefte aan rust, vertrouwen, zekerheid en herkenbare ondersteuning van hoge kwaliteit. Rijswijk wil hen dat bieden. De huidige partner heeft aangetoond dat te kunnen en vangt al meer dan twee jaar een aantal Oekraïense vluchtelingen op. Deze vluchtelingen zullen in 2025 verhuizen naar een duurzamere opvanglocatie. Een extra verhuisbeweging naar een andere tussenlocatie wordt niet als wenselijk gezien. Wij hebben de voorwaarden gesteld dat: 
- de kamers een minimale oppervlakte van 25 m2 hebben; 
- er een receptie die 24 uur per dag bereikbaar is en 7 dagen per week is 
bemenst; 
- gratis wifi;
- huisdieren (in overleg) zijn toegestaan. 
Bovendien zorgt dit hotel voor eigen sociale beveiliging in het gebouw als aanspreekpunt voor de Oekraïense ontheemden. Kamers worden wekelijks schoongemaakt en voorzien van schoon bedlinnen en badtextiel. Housekeeping heeft tevens een signalerende taak om mogelijke overlast te signaleren en voorkomen. 
Oekraïense vluchtelingen voelen zich inmiddels thuis in deze tijdelijke opvang en zijn bekend met het lokale netwerk en de centrale ondersteuning die de gemeente op de locatie biedt. Bovendien staat de huidige partner huisdieren op de kamer toe, iets dat voor veel Oekraïense ontheemden een belangrijke wens is. Met de verdeling van de vluchtelingen wordt daar rekening mee gehouden omdat er in de regio geen of nauwelijks opvanglocaties zijn waar huisdieren zijn toegestaan. Deze locatie is daarmee vrijwel de enige locatie waar vluchtelingen met een huisdier terecht kunnen. Daarnaast zijn drie maaltijden per dag (afgestemd op de eetwensen van Oekraïense gasten) en dranken (koffie, thee, water, frisdrank op buffet) inbegrepen. Om deze en andere dwingende redenen van algemeen belang en daarmee samenhangende spoed komt een andere aanbieder of aanpak niet in beeld."
data/known_urgent/795676-2023,Warmtewisselaars en platenpakket,neg-wo-call,Levering 2 specifieke warmtewisselaars en platenpakket 2 warmtewisselaars en platenpakket,
data/known_urgent/741034-2023,Europese SAS procedure Beveilingsdiensten Vluchtelingenlocaties Gemeente Coevorden,open,"Sinds 2022 vangt de gemeente Coevorden vluchtelingen uit Oekraïne op locaties in Gees, Sleen en Coevorden. Beveiliging op deze locaties is benodigd en is in 2022 met spoed gerealiseerd. De overeenkomst met de huidige leverancier loopt op 1 november 2023 af. Hierom en omdat de situatie rondom de opvang van vluchtelingen aan verandering onderhevig is, wenst zij een adaptieve partner te contracteren die haar voorziet in de benodigde Diensten die benodigd zijn voor de beveiliging van haar opvanglocaties voor vluchtelingen. Vanaf 1 november 2023 vangt de gemeente Coevorden voor het overgrote deel gezinnen met huisdieren op, heeft zij nog steeds 215 bedden beschikbaar op haar opvanglocaties en wenst zij de opvanglocaties veilig te houden. Er vinden echter wel wijzigingen plaats die betrekking hebben op de locatie.
Globale aantallen en gewenste inzet van de beveiliging is te vinden in Bijlage H - Programma van Eisen",
data/known_urgent/339891-2024,Locatiemanagement opvang Oekraïense vluchtelingen,open,"Doel van deze vooraankondiging Het doel van deze vooraankondiging is om na te gaan welke partijen geïnteresseerd zijn om uitvoering te geven aan de opdracht “Locatiemanagement opvang Oekraïense vluchtelingen"". 
Daarnaast dient deze vooraankondiging als oproep tot mededinging. De opdracht zal worden gegund zonder nadere bekendmaking. De opdracht wordt gekwalificeerd als een dienst als bedoeld in bijlage XIV van richtlijn 2014/24/EU. 
De geraamde totale opdrachtwaarde (inclusief eventuele verlengingen) ligt boven de voor de procedure van sociale en andere specifieke diensten bepaalde drempelwaarde van € 750.000 exclusief btw. De procedure voor sociale en andere specifieke diensten zal derhalve gevolgd worden. De aanbestedende dienst zal aan alle partijen die naar aanleiding van deze vooraankondiging hun interesse in de opdracht kenbaar hebben gemaakt de aanbestedingsdocumenten toesturen.

Aanmelden kan tot uiterlijk 7 juni 2024 tot 12:00 uur, via de berichtenmodule van TenderNed Maximaal 600.000 euro per jaar",
data/known_urgent/97141-2024,Vrijwillige transparantie voor levering elektriciteit en gas voor het Collectief West-Brabant,neg-wo-call,"Door het stopzetten van alle Europese handelsactiviteiten door de huidige leverancier van Gas & Elektra vanaf 1-1-2024, wordt het huidige contract vroegtijdig beëindigd. 

Gezien het onverwacht stoppen met leveren door de huidige leverancier, de korte periode waarbinnen een nieuwe leverancier dient te worden gecontracteerd, de omvang van deze opdracht en de huidige marktontwikkelingen wordt de Onderhandelingsprocedure zonder bekendmaking toegepast op grond van dwingende spoed. Het uitgangspunt voor het contractvolume Elektriciteit voor 2024 bedraagt: 36.398.364 MWh.
Het uitgangspunt voor het contractvolume GvO’s voor 2024 bedraagt: 36.400 GvO’s

Het uitgangspunt voor het contractvolume  Gas voor 2024 bedraagt: 2.200.000 m³",
data/known_urgent/2169-2024,Opvang vluchtelingen op hotelschip,neg-wo-call,Huur schip voor opvang vluchtelingen en catering 5 miljoen Euro,"Dwingende spoed als gevolg van gebeurtenissen (vluchtelingencrisis) die door de aanbestedende dienst niet konden worden voorzien, volgens de in de richtlijn vermelde strikte voorwaarden."
data/known_urgent/684423-2024,Verlenging EA Grootschalige Werving,neg-wo-call,"NS is voornemens om de huidige en lopende raamovereenkomst ”grootschalige werving” met Randstad Sourceright met het kenmerk: 120345-2018,  destijds gepubliceerd op TenderNed d.d.: 17 maart 2018 (TN175719) te verlengen met 12 maanden. In  dit kader wordt er een overbruggingsovereenkomst gesloten. € 1.600.000,-","NS Groep N.V. maakt onderdeel uit van De Nederlandse Spoorwegen (hierna: 
NS). NS is voornemens om de huidige en lopende raamovereenkomst ”
grootschalige werving” met Randstad Sourceright met het kenmerk: 120345-
2018, destijds gepubliceerd op TenderNed d.d:17 maart 2018 (TN175719) te 
verlengen met 12 maanden. In dit kader wordt er een overbruggingsovereenkomst gesloten. De reden hiervoor is dat de termijnen 
voor de Europese Openbare procedure wegens dwingende spoed niet in acht kunnen worden genomen als gevolg van gebeurtenissen die door NS niet konden worden voorzien en niet aan NS zijn te wijten. Eind april 2024 heeft NS met de vakbonden overeenstemming bereikt over een nieuwe CAO, de CAO NS 2024 (CAO). De CAO geldt met terugwerkende kracht vanaf 1 januari 2024 en loopt tot 1 maart 2025. Nadien is bij de Ondernemingsraad (OR) met het oog op de CAO en opvolgende Europese Openbare aanbesteding “grootschalige werving” een adviesaanvraag ingediend. Voor de behandeling en afwikkeling 
van de adviesaanvraag van de OR en overleg met de vakbonden is meer tijd 
nodig dan voorzien. Hoewel tijdig is begonnen met de voorbereidingen van de aanbestedingsprocedure en publicatie van de Openbare procedure voorzien was in juni 2024, zodanig dat de huidige overeenkomst direct kon worden opgevolgd door de nieuwe overeenkomst, is door genoemde ontwikkelingen vertraging ontstaan en is de aanbestedingsprocedure ‘on hold’ gezet. Om te waarborgen dat de dienstverlening/bedrijfsvoering ononderbroken kan doorgaan, is NS dan ook genoodzaakt om een overbruggingsovereenkomst met Randstad Sourceright te verlengen. NS doet een beroep op dwingende spoed (ex artikel 3:36 lid 1 sub d Aanbestedingswet 2012) om te bewerkstelligen dat de dienstverlening/bedrijfsvoering doorgang kan vinden. Er is in dit specifieke 
geval sprake van dwingende spoed omdat de te leveren diensten voor NS gaan over de uitvoering van noodzakelijke functies en werkzaamheden. Het gaat hier namelijk om werving en selectie van personeelskrachten voor cruciale functies voor NS, o.a. de selectie van machinisten en conducteurs. De beoogde verlenging van de huidige en lopende raamovereenkomst is ter overbrugging van de periode na afloop van de huidige en lopende raamovereenkomst (31 dec ’24) en de start van de opvolgende raamovereenkomst (verwachting eind’ 25)."
data/known_urgent/368708-2024,Raamovereenkomst onderhoud VRI 2024-2028,open,"Het werk bestaat voornamelijk uit klein en groot onderhoud VRI en eventuele spoed reparaties.
Het klein en groot onderhoud VRI bestaat in hoofdzaak uit:
a. Eerstelijns onderhoud Verkeersregelinstallaties;
b. Coördinatie van tweedelijnsonderhoud.

De opdrachtgever behoudt het recht om overeenkomstige werkzaamheden op projectbasis anders aan te besteden. De maximale waarde van de Raamovereenkomst betreft €1.500.000,-.",
data/known_urgent/49652-2024,Inhuur Technisch en Ondersteunend Personeel Overbruggingsovereenkomst,neg-wo-call,"Het hoogheemraadschap van Rijnland en het hoogheemraadschap Schieland en de Krimpenerwaard (hierna: “Opdrachtgevers”) zijn voornemens om met de raamcontractanten voor de raamovereenkomsten “Inhuur van technisch en ondersteunend personeel” overbruggingsovereenkomsten te sluiten. De reden hiervoor is dat vanwege onvoorzienbare omstandigheden dwingende spoed is ontstaan bij tijdelijke overeenkomsten.
Er is in dit specifieke geval sprake van dwingende spoed, omdat Opdrachtgevers in de tussenliggende periode tussen de oude en de nieuw te sluiten raamovereenkomst wel technisch en ondersteunend personeel moeten inhuren voor de uitvoering van werkzaamheden in het kader van bedrijfsvoering en de wettelijke taak. In het bijzonder zou het grote gevolgen kunnen hebben voor de realisatie van projecten. De onvoorzienbare omstandigheid heeft zich voorgedaan dat Opdrachtgevers vertraging van (circa) twee maanden hebben opgelopen in verband met de aanbesteding (TenderNed nummer 438410) voor de inhuur van technisch en ondersteunend personeel. In het bijzonder is deze vertraging ontstaan door aanpassing van de perceelindeling. Daardoor sluiten de nieuw te sluiten raamovereenkomsten niet meer aan op de einddatum van de lopende raamovereenkomsten.

Opdrachtgevers doen een beroep op dwingende spoed (ex artikel 2.32 lid 1, sub c, Aanbestedingswet 2012) om tijdelijke overeenkomsten, ter overbrugging van de periode tussen het initiële einde van de raamovereenkomsten en de start van de nieuw te sluiten raamovereenkomsten, te sluiten.",
data/known_urgent/727006-2023,Gebied Zee-Zevenaar - Eenmalige spoeling brandblusleidingen Rotterdamse havenemplacementen,neg-wo-call,"De werkzaamheden omvatten in hoofdlijnen:
• Engineering tijdelijk blusleidingensysteem;
• Engineering bestaand leidingsysteem (review Definitief Ontwerp door huidige aannemers van het betreffende leidingsysteem). Uit deze engineeringsstap dient naar voren komen of het huidige systeem technisch geschikt is voor de flow (debiet) van 3 m/s en dit geen schade kan aanrichten aan het bestaande systeem;
• Aanpassen bestaand blusleidingensysteem (o.a. productie van Tie-in's en manifolds);
• Opstellen van spoelplan en uitvoeren spoelwerkzaamheden middels mobiele pomp- en boostersystemen in een gesloten watercircuit met (water)containers;
• Demontage en demobilisatie tijdelijk aanpassing blusleidingensysteem;
• Begeleiding uitvoering. Scope: drie emplacementen, te weten:
• Botlek GEO code 950/16.250-18.500
• Pernis GEO code 950/11.700-12.700
• Maasvlakte West GEO code 478/0.000-2.200
• Waalhaven Zuid GEO code 950/6.100-7.800 en 950/205.800-206.100",
data/known_urgent/100161-2024,"Printwerk, stationary en mailings",open,"Dit is een Europese Openbare aanbesteding van het Universitair Medisch Centrum Utrecht. De aanbesteding betreft de levering van printwerk, stationary en mailings. De Aanbestedende Dienst wordt in deze aanbestedingsprocedure verder aangeduid als ""UMC"", voor zover niet anders aangeduid.

UMC wenst hiertoe een raamovereenkomst te sluiten met één Leverancier voor de duur van maximaal 4 jaar.

Aanleiding en doel van de opdracht
De huidige contracten van het UMC met leveranciers van reprowerk, print- en drukwerk en stationary lopen af. Middels deze aanbesteding wenst het UMC een nieuwe overeenkomst voor printwerk, stationary en mailings af te sluiten.
",
data/known_urgent/700712-2023,Beveiligingsdiensten opvang derdelanders,neg-wo-call,Beveiligingsdiensten Zonnehof opvang derdelanders Beveiligingsdiensten voor 4 maanden voor opvanglocatie derdelanders,"Gemeente Amersfoort vangt sinds maart 2022 Oekraïense ontheemden op. De betreffende locatie, een verbouwd kantoorpand, is sinds maart 2022 in gebruik als opvanglocatie. De bedoeling was om het pand vanaf 1 oktober 2023 te sluiten omdat er voldoende plekken voor Oekraïners beschikbaar zijn op 2 nieuwe opvanglocaties. Op deze locatie wonen nu nog zo’n 80 zgn derdelanders die volgens het Rijksbeleid per 4 september 2023 het land hadden moeten verlaten. 
Echter, kort voor de datum van 4 september heeft de staatssecretaris laten weten dat de derdelanders in Nederland mogen blijven totdat de Raad van State heeft geoordeeld of de geplande uitzetting rechtmatig is en dus ook recht blijven houden op de voorzieningen waar zij voor 4 september ook recht op hadden. Dit houdt een verplichting in voor de gemeente Amersfoort. Het oordeel van de Raad van State wordt eind 2023 verwacht. 
Op de nieuwe locaties is echter geen ruimte voor de 80 derdelanders. De gemeente Amersfoort heeft er daarom vanwege dwingende spoed voor gekozen de huidige locatie langer open te houden en de beveiliging voort te zetten, om de 80 derdelanders de voorzieningen te kunnen blijven bieden waar zij recht op hebben. De overeenkomsten met de huidige opdrachtnemers zijn verlengd tot 1 februari 2024, wanneer de nieuwe locatie wordt opgeleverd en de derdelanders daar eventueel opgevangen kunnen worden. 
Na oplevering van nieuwe locaties in 2024 sluiten we deze locatie als opvanglocatie."
data/known_urgent/650250-2024,Accountantscontrole gemeente Halderberge en Rucphen,open,Heet uitvoeren van de accountantscontrole voor de gemeente Halderberge en Rucphen 100000,"De aanbesteding is reeds in 4 percelen weg gezet, helaas waren er voor Halderberge en Rucphen geen geschikte inschrijvingen bij, vandaar dat deze met spoed weer op nieuw in de markt wordt gezet."
data/known_urgent/789093-2023,Overbruggingsovereenkomst Schoonmaak,neg-wo-call,"Toelichting procedure ‘vrijwillige transparantie vooraf – op basis van dwingende spoed’, zie bijlage. 52 VRNHN panden",
data/known_urgent/621770-2024,A04.83.2024 Ingenieursdiensten ten behoeve van het programma opvang statushouders en asielzoekers,neg-wo-call,"De gemeente Leiden heeft voor het programma OSA behoefte aan ingenieursdiensten specifiek voor de locatie aan de Archimedesweg in Leiden. Deze locatie huurt de gemeente Leiden per 1 juli 2024 en zal voornoemde locatie geschikt maken voor de bewoning door Oekraïense ontheemden. De locaties waar de Oekraïners nu zijn gehuisvest vervallen per eind november 2024/ januari. Voor deze data dient de verhuizing plaats te vinden. Voor die tijd dienen de werkzaamheden om het pand voor bewoning geschikt te maken te zijn afgerond. De aard van de vraag die er nu ligt en de snelheid waarmee de ingenieursdiensten uitgevoerd dienen te worden maakt het niet realistisch om deze dienstverlening aan te besteden. Om snelheid in het proces te brengen, en de deadline van inhuizing te halen, heeft de gemeente Leiden ervoor gekozen om middels deze publicatie van vrijwillige transparantie drie partijen te contracteren die de ingenieursdiensten voor deze locatie uit gaan voeren. De totale omvang verdeeld over drie partijen is maximaal € 125.000,-",De aard van de vraag die er nu ligt en de snelheid waarmee de ingenieursdiensten uitgevoerd dienen te worden maakt het niet realistisch om deze dienstverlening aan te besteden.
data/known_urgent/551474-2024,PGO Verlenging overeenkomst Betuwe-2,neg-wo-call,Verlengingsopdracht voor PGO Betuwe-2 om reden dat tegen de gunningsbeslissing van de opvolgende opdracht PGO Betuwe-3 bezwaar is aangetekend. 5 maanden,Verlenging van de lopende overeenkomst aangezien de gunning van de nieuwe overeenkomst bezwaar is aangetekend.
data/known_urgent/172607-2024,Uitvoeren van next en third generation sequencing t.b.v. de NVWA,open,"De raamovereenkomst met de huidige leverancier, voor het uitvoeren van NGS en TGS, loopt naar verwachting in het tweede kwartaal 2024 af, omdat de contractwaarde dan is bereikt.
Het doel van deze Europese aanbesteding is het sluiten van een Raamovereenkomst met één Opdrachtnemer voor het ‘Uitvoeren van next- en third generation sequencing’.

De betreffende dienstverlening is ten behoeve van de Nederlandse Voedsel- en Warenautoriteit (NVWA). 

De opdracht betreft:
Library preparatie:
voor DNA;
voor RNA incl. plant rRNA depletie en poly-A selectie.

Next Generation Sequencing; DNA en RNA:
voor paired-end short reads (<500 nt) gebruik makend van:
Illumina Novaseq 6000, X of X plus, of;
Illumina Nextseq 550, 1000, 2000, of;
Illumina MiSeq;

Third Generation Sequencing; DNA;
voor long reads (>500 nt) gebruik makend van:
PacBio Sequel II, of;
Oxford Nanopore.

Als uitvloeisel van het Uitvoeringsprogramma Compacte Rijksdienst is het RIVM eind 2012 aangewezen als een inkoopuitvoeringscentrum (IUC) van de Rijksoverheid. Een van de taken van het IUC-RIVM vormt de uitvoering van de Rijksinkoopcategorie Laboratorium. Doelstellingen van categoriemanagement zijn o.a. kennisbundeling en inkoopsamenwerking per productgroep. Deelnemers van deze inkoopsamenwerking zijn Nederlandse Voedsel en Warenautoriteit (NVWA), Nederlands Forensisch Instituut (NFI), Belastingdienst/Douanelaboratorium, Rijksdienst voor het Cultureel Erfgoed (RCE), Rijksinstituut voor Volksgezondheid en Milieu (RIVM), Rijkswaterstaat / Waterdienst, Defensie (diverse laboratoria). Deze aanbesteding wordt uitgevoerd in het kader van de categorie Laboratorium door het IUC-RIVM. Nadere informatie over inkopen door het Rijk:
https://www.rijksoverheid.nl/onderwerpen/zakendoen-met-het-rijk/hoe-het-rijk-inkoopt
https://www.rijksoverheid.nl/onderwerpen/zakendoen-met-het-rijk/inkoopcategorieen/categorie-laboratorium
",
data/known_urgent/214189-2024,CrisisNoodOpvang (CNO) Zandkant Heeswijk-Dinther,neg-wo-call,"Leveringen en diensten ten behoeve van de CrisisNoodOpvang op de locatie Zandkant te Heeswijk-Dinther. Opdrachten waarvoor publicatie is vereist:
- Leveringen terreininrichting, kantoor- en woonunits.
- Maaltijdvoorziening
- Leveringen ten behoeve van terrein beveiliging
- Beveiligingsdiensten","De gemeente Bernheze heeft eind 2023 een CrisisNoodOpvang (CNO) locatie gerealiseerd voor de opvang van circa 200 Oekraïense vluchtelingen. Het betreft een opvang locatie waarbij feitelijk alle voorzieningen voor de tijdelijke huisvesting van de vluchtelingen binnen enkel weken is gerealiseerd (infrastructuur, verblijfunits, recreatie- en cateringpaviljoen, sanitair, beveiliging etc.). De gemeente heeft steeds beoogd om de CNO open te stellen tot uiterlijk 1 april 2024. De opdrachten voor realisatie zijn ook verstrekt met een looptijd tot uiterlijk 1-4-2024. 
Begin februari 2024 heeft de gemeente op verzoek van het Ministerie van Justitie en Veiligheid de verlenging van de openstelling van de CNO in overweging genomen. Op 27 februari 2024 heeft het college van b en w besloten om de openstelling van de CNO de verlengen tot 1 oktober 2024 met uitloop tot uiterlijk 31 december 2024. In de periode voorafgaande aan dit besluit is inspraak voor omwonenden georganiseerd, financiering zeker gesteld, vergunningen gecontroleerd e.d..
De extreme urgentie voor directe gunning van de opdrachten ontstaat allereest doordat het tijdsbestek tussen het besluit en de beoogde startdatum geen ruimte geeft voor een aanbestedingsprocedure. Verder is het verzoek van het ministerie niet door de gemeente voorzien (hetgeen mede blijkt uit de opdrachten die in beginsel tot uiterlijk 1-4-2024 zijn verstrekt). 
De argumenten in de voorafgaande publicatie en het verloop tot aan het besluit om de CrisisNoodOpvang te verlengen maakt dat is voldaan aan de cumulatieve vereisten om gebruik te mogen maken van de onderhandelingsprocedure zonder bekendmaken (artikel 2.32 lid 1 sub c Aanbestedingswet 2012). 

Aanvullend op de uitzonderingsgrond ""dwingende spoed"" doet de gemeente voor de opdrachten die zij sluit voor het realiseren van de voortzetting van de CrisisNoodOpvang tot 1 oktober 2024 met uitloop tot 31 december 2024 een beroep op Artikel 2.33 sub b Aanbestedingswet 2012: Aanvullende leveringen door de oorspronkelijke leverancier ter voorkoming van onevenredige technische moeilijkheden en Artikel 2.32 lid 1 sub b Aanbestedingswet 2012: Opdrachten die slecht door een bepaalde ondernemer kunnen worden verricht omdat de mededingen om technische reden ontbreekt."
data/known_urgent/126078-2024,Beveiliging,neg-wo-call,Beveiliging noodopvang asielzoekers 182 dagen,
data/known_urgent/213523-2024,Opvang vluchtelingen Hertenhof,neg-wo-call,"Sinds het uitbreken van de oorlog in Oekraïne is er in Europa een grote 
ontheemdenstroom op gang gekomen. Gemeenten in Nederland zien zich 
daardoor genoodzaakt te voorzien in (tijdelijke) opvang en huisvesting. Ook 
binnen onze gemeente gaat er tijdelijke opvang voor Oekraïense 
ontheemden plaatsvinden. Dit betreft circa 125 volwassenen en kinderen. Onze gemeente werkt samen met een onderneming binnen de gemeente Epe waarbij huisvesting is geregeld door middel van het beschikbaar 
stellen van 35 chalets en de beheerderswoning (incl. beheer en onderhoud) voor een periode van minimaal 2 jaar met de mogelijkheid te verlengen tot maximaal 5 jaar De aanvangshuurprijs van het gehuurde bedraagt op de ingangsdatum op jaarbasis € 1.852.375,- (zegge: één miljoen achthonderd tweeënvijftig duizend driehonderd vijfenzeventig euro). De huurprijs is gebaseerd op een all-in bedrag van € 145,- per chalet per dag. In de huurprijs is inbegrepen de huur van de locatie, de chalets, beheer en onderhoud van de locatie en levering van nutsvoorzieningen (gas, water en elektra).",
data/known_urgent/49867-2024,Inhuur Technisch en Ondersteunend Personeel Overbruggingsovereenkomst,neg-wo-call,"Het hoogheemraadschap van Rijnland en het hoogheemraadschap Schieland en de Krimpenerwaard (hierna: “Opdrachtgevers”) zijn voornemens om met de raamcontractanten voor de raamovereenkomsten “Inhuur van technisch en ondersteunend personeel” overbruggingsovereenkomsten te sluiten. De reden hiervoor is dat vanwege onvoorzienbare omstandigheden dwingende spoed is ontstaan bij tijdelijke overeenkomsten.
Er is in dit specifieke geval sprake van dwingende spoed, omdat Opdrachtgevers in de tussenliggende periode tussen de oude en de nieuw te sluiten raamovereenkomst wel technisch en ondersteunend personeel moeten inhuren voor de uitvoering van werkzaamheden in het kader van bedrijfsvoering en de wettelijke taak. In het bijzonder zou het grote gevolgen kunnen hebben voor de realisatie van projecten. De onvoorzienbare omstandigheid heeft zich voorgedaan dat Opdrachtgevers vertraging van (circa) twee maanden hebben opgelopen in verband met de aanbesteding (TenderNed nummer 438410) voor de inhuur van technisch en ondersteunend personeel. In het bijzonder is deze vertraging ontstaan door aanpassing van de perceelindeling. Daardoor sluiten de nieuw te sluiten raamovereenkomsten niet meer aan op de einddatum van de lopende raamovereenkomsten.

Opdrachtgevers doen een beroep op dwingende spoed (ex artikel 2.32 lid 1, sub c, Aanbestedingswet 2012) om tijdelijke overeenkomsten, ter overbrugging van de periode tussen het initiële einde van de raamovereenkomsten en de start van de nieuw te sluiten raamovereenkomsten, te sluiten.",
data/known_urgent/514910-2024,Aankondiging vrijwillige transparantie vooraf - Hotelaccommodatie voor Oekraïense vluchtelingen gemeente Almere,neg-wo-call,"Als gevolg van de oorlog in de Oekraïne is begin maart 2022 een grote vluchtelingenstroom op gang gekomen in Europa en dus ook naar Nederland. Omdat Almere op korte termijn niet voldoende opvanglocaties kon realiseren zijn er op basis van dwingende spoed (artikel 2.32 Aanbestedingswet) kamers in 3 hotels gecontacteerd, inclusief maaltijden.

Besloten wordt om voor het verblijf van (Oekraïense) vluchtelingen gebruik te blijven maken van de diensten van de hotels: Finn, Holiday Inn en het Best Western Plus Plaza in Almere. De afspraken met de 3 hotels zijn op 17 maart 2022 gemaakt en had een oorspronkelijke looptijd tot 17 maart 2023. Deze overeenkomst is verlengd met telkens een periode van zes (6) maanden. In maart 2024 is er voor een langere periode verlengd. De nieuwe einddatum is 31-12- 2024. 44347500",Zie publicatie.
data/known_urgent/555442-2024,Dienstverlening statushouders Wet inburgering 2013,neg-wo-call,"Deze Tender betreft de afkondiging van een opdracht in het kader van dienstvelening aan statushouders die onder de Wet inburgering 2013 vallen. Hierbij is sprake van een procedure op grond van artikel 2.32 uit de aanbestedingwet. 
",
data/known_urgent/532302-2024,Huur meubilair vanwege gebruik wisselwoning na wateroverlast,oth-single,"De opdracht betreft huur van meubels, inrichting en noodzakelijke huisraad voor wisselwoningen die nodig zijn voor de getroffen bewoners van de wateroverlast op 21 juli in Pathmos, Stadsveld en Pathmossingel in de gemeente Enschede.
Naar aanleiding van de enorme waterschade als gevolg van de wateroverlast in het weekend van 20 en 21 juli 2024 is een crisisteam ingesteld. Al snel werd duidelijk dat met name in stadsdeel West: Pathmos, Pathmossingel, Stadsveld veel woningen (al dan niet tijdelijk) onbewoonbaar zijn geworden doordat vuil rioolwater in de woningen is gestroomd. Nagenoeg alle getroffen woningen zijn dusdanig beschadigd dat grootschalig herstel nodig is. Dit betekent dat bewoners lange tijd (6-9 maanden wordt geschat) niet terug kunnen keren naar hun woning. Omdat de wisselwoningen grotendeels niet gemeubileerd zijn moet dit met spoed gebeuren en volgen wij daarom de onderhandelingsprocedure zonder voorafgaande bekendmaking.

",
data/known_urgent/773132-2023,Inhuur afvalinzamelvoertuigen,open,"Inhuur afvalinzamelvoertuigen. 
Achterlader regulier, haakarmwagen/ met kraan, bovenlader, achterlader klein, zijlader. 400000",
data/known_urgent/584276-2024,Inhuur woonbegeleiders Oekraïne,neg-wo-call,"Inhuur woonbegeleiders Oekraïne €500.000,-","Aanbestedende dienst heeft volgens de onderhandelingsprocedure zonder aankondiging, een overeenkomst met één opdrachtnemer gesloten. Dit betreft het leveren van woonbegeleiding/locatiemanagers voor de opvanglocaties van de gemeente Dantumadiel. Vanaf 2022 tot 2024 werkten de gemeenten Dantumadiel en Noard East Fryslan samen. Alle personeelskosten en ook inhuur werden gefactureerd aan Noard East Fryslan. Vanwege de vergoeding vanuit het Rijk heeft de facturatie voor woonbegeleiding/locatiemanagers rechtstreeks plaatsgevonden aan gemeente Dantumadiel. Er is in 2022 voor gekozen de woonbegeleiding en locatiemanagers te betrekken via de reeds afgesloten raamovereenkomst voor de inhuur van uitzendkrachten van de gemeente Noard East Fryslan. Hier is voor gekozen omdat deze tarieven en voorwaarden al onder mededinging tot stand is gekomen en destijds Noard East Fryslan en gemeente Dantumadiel samenwerkten op het gebied van personeel. In 2022, 2023 en 2024 is circa €500.000 besteedt binnen deze overeenkomst aan woonbegeleiding en locatiemanagement.

Inmiddels is er een Europees openbare aanbesteding uitgevoerd voor de inhuur van uitzendkrachten waaronder de woonbegeleiding voor opvanglocaties. De onderhandelingsprocedure is gevolgd omdat er sprake was van dwingende spoed. Deze spoed was niet te voorzien en is ook niet aan de gemeenten te wijten. Er was een grote druk om de opvang van vluchtelingen vanuit Oekraïne zo snel mogelijk geregeld te hebben en de vluchtelingen van begeleiding te voorzien. Hierdoor was Aanbestedende dienst niet in staat om op korte termijn een Europese aanbesteding uit te voeren."
data/known_urgent/675545-2024,Huur materieel voor grootschalige optredens en evenementen,open,"De Opdracht omvat het op huurbasis leveren van tijdelijk in te zetten materieel en het verlenen van dienstverlening voor (grootschalige) optredens en evenementen, waar de Politie of de Koninklijke Marechaussee zelf geen of te weinig middelen voor heeft. Het werkgebied is Nederland, dit is inclusief de Waddeneilanden.
",
data/known_urgent/772777-2023,Levering en (optioneel) reparatie en onderhoud elektrische AM-rijbewijs voertuigen met open- en gesloten laadbakken,neg-wo-call,"De Gemeente Den Haag is voornemens om elektrische AM-rijbewijs voertuigen met open en gesloten laadbakken in te kopen en wenst daarbij de optie om reparatie en onderhoud te laten uitvoeren door de Leverancier van de voertuigen. Aanbesteder is voornemens om een Raamovereenkomst aan te gaan met één Leverancier om in deze behoefte te voorzien. De gemeente heeft op sommige afdelingen een tekort aan mensen met een B-rijbewijs. Er zijn voertuigen nodig die door deze medewerkers bestuurd kunnen worden om mensen en vooral materialen te verplaatsen. Deze voertuigen kunnen ingezet worden voor o.a.:
het legen van prullenbakken in de stad;
groenonderhoud in parken en duingebieden;
transport materieel;

Middels het inkopen van voertuigen met open en gesloten laadbakken op AM-rijbewijs wordt ondervangen dat medewerkers zonder B-rijbewijs onvoldoende inzetbaar worden.

De Opdracht is aanbesteed volgens de Aanbestedingsprocedure onderhandelingsprocedure zonder aankondiging. De Aanbesteder heeft via deze procedure met de door haar gekozen Gegadigde overleg gevoerd en heeft door onderhandelingen de voorwaarden voor de Opdracht vastgesteld. De Gegadigde betreft Autobedrijf Houtwijk B.V. te Den Haag. Naar aanleiding van een door de Aanbesteder uitgevoerde marktconsultatie is Autobedrijf Houtwijk B.V. geselecteerd voor deelname aan de onderhandelingsprocedure. Gegadigde heeft zich als enige Ondernemer gemeld met een geschikt voertuig, de Aixam Mega E-Truck 48V, dat voldoet aan de randvoorwaarden die door de Aanbesteder zijn gesteld in de marktconsultatie. Aanbesteder beroept zich op de uitzonderingsgrond uit art. 2.32 lid 1 sub b2 Aanbestedingswet 2012: het ontbreken van mededinging om technische redenen.

Door de Aanbesteder wordt een publicatie van een Aankondiging van vrijwillige transparantie vooraf conform artikel 4.16 Aw 2012 gepubliceerd. Binnen een termijn van twintig (20) kalenderdagen kunnen Ondernemers zich melden die bezwaar hebben tegen het voornemen van de Aanbesteder om de Opdracht te gunnen naar aanleiding van de doorlopen Aanbestedingsprocedure. Deze termijn van 20 kalenderdagen schort de definitieve gunning van de Opdracht op. Indien zich binnen twintig (20) kalenderdagen een Ondernemer meldt met een (gegrond) bezwaar tegen de gunning van de Opdracht is de Aanbesteder gerechtigd (en mogelijk verplicht) tot het opschorten of beëindigen van de Aanbestedingsprocedure.

Indien niet binnen twintig (20) kalenderdagen na verzending van de Aankondiging van vrijwillige transparantie vooraf een kort geding aanhangig is gemaakt, kunnen de gepasseerde Ondernemers geen bezwaren meer maken naar aanleiding van de beslissing en hebben zij hun rechten ter zake verwerkt. Aanbesteder is in dat geval dan ook vrij om gevolg te geven aan de geuite Gunningsbeslissing. Overige Ondernemers hebben in genoemd geval evenzeer hun rechten verwerkt om in een bodemprocedure een vordering tot schadevergoeding in te stellen. Indien een kortgeding aanhangig is gemaakt, zal niet worden overgegaan tot gunning, tenzij onverwijlde spoed dit noodzakelijk maakt.
","Naar aanleiding van een door de Aanbesteder uitgevoerde openbare marktconsultatie is Autobedrijf Houtwijk B.V. geselecteerd voor deelname aan de onderhandelingsprocedure. Gegadigde heeft zich als enige Ondernemer gemeld met een geschikt voertuig, de Aixam Mega E-Truck 48V, dat voldoet aan de randvoorwaarden die door de Aanbesteder zijn gesteld in de marktconsultatie. Aanbesteder beroept zich op de uitzonderingsgrond uit art. 2.32 lid 1 sub b2 Aanbestedingswet 2012: het ontbreken van mededinging om technische redenen."
data/known_urgent/350558-2024,Onderhandelingsprocedure zonder voorafgaande bekendmaking - direct leverbare waterwerpers 2023,neg-wo-call,"De Politie was voornemens om maximaal vier (4) direct beschikbare waterwerpers te huren (al dan niet met de mogelijkheid om deze op een later moment te kopen), of deze direct te kopen op basis van een onderhandelingsprocedure zonder aankondiging ex. artikel 2.32 eerste lid onder c van de Aanbestedingswet 2012 op basis van dwingende spoed. De Politie is de onderhandelingsprocedure voor deze vier waterwerpers met een buitenlandse partij aangegaan, nadat een eerdere onderhandelingsprocedure met een andere buitenlandse overheidspartij niet heeft geleid tot een overeenkomst voor de levering van beschikbare waterwerpers op zeer korte termijn. Voor de verwerving van de uiteindelijk twee direct beschikbare waterwerpers heeft de Politie een onderhandelingsprocedure doorlopen met BAI (Brescia Antincendi International S.r.l.) en de opdracht ook aan BAI gegund.","De Politie heeft op 5 december 2022 een ex ante publicatie (met publicatienummer: 2022/S 238-686948) gedaan om de markt te informeren over het voornemen om een onderhandelingsprocedure zonder voorafgaande bekendmaking vanwege dwingende spoed uit te gaan voeren voor de aanschaf van zes waterwerpers, nadat de huidige waterwerpers buiten gebruik zijn gesteld. In deze ex ante publicatie heeft de Politie uiteengezet waarom sprake is van dwingende spoed en dat door deze spoed de Politie de (verkorte) termijnen van de openbare procedure, de niet-openbare procedure of de mededingingsprocedure met onderhandeling niet in acht kan nemen. Na deze publicatie heeft de Politie zoals aangekondigd in de ex ante publicatie van 5 december 2022 een marktconsultatie uitgevoerd om te onderzoeken welke mogelijkheden de markt biedt om op de kortst mogelijke termijn zo doelmatig mogelijk waterwerpers aan de Politie te kunnen leveren. Uit deze marktconsultatie is toendertijd gebleken dat de Politie op zeer korte termijn de beschikking kon krijgen over twee (2) gebruikte kleine waterwerpers van een buitenlandse overheidspartij. Verder is gebleken dat er mogelijkheden zijn om op de op basis van de marktconsultatie gebleken kortst mogelijke termijn de beschikking te krijgen over de noodzakelijke zes grote waterwerpers. Naar aanleiding hiervan heeft de Politie op 28 februari 2023 nogmaals een ex ante publicatie (met publicatienummer: 2023/S 042-123602) gedaan, waarin de Politie vermelde dat zij voornemens was om middels een onderhandelingsprocedure op de kortst mogelijke termijn de zes grote waterwerpers aan te gaan schaffen en met een buitenlandse overheidspartij op zeer korte termijn twee (2) gebruikte kleine waterwerpers aan te schaffen. Helaas hebben de onderhandelingen met deze buitenlandse overheidspartij niet geleid tot een oplossing voor de zeer korte termijn, omdat deze twee (2) kleine waterwerpers niet, of slechts na zeer ingrijpende en zware aanpassingen, in Nederland kunnen worden ingezet. Daaropvolgend heeft de Politie een nieuw aanbod ontvangen van een commerciële partij die heeft aangegeven op korte termijn maximaal vier (4) waterwerpers te kunnen leveren die wel op korte termijn in Nederland kunnen worden ingezet. Naar aanleiding hiervan heeft de Politie op 10 januari 2024 een ex ante publicatie gedaan en na de bezwaartermijn daarvan met deze commerciële partij een nieuwe onderhandelingsprocedure opgestart. Als resultaat daarvan heeft de Politie besloten een overeenkomst af te sluiten voor het huren van twee direct beschikbare waterwerpers voor een periode van 30 maanden met de optie om deze aansluitend te kunnen kopen."
data/known_urgent/39200-2024, Beveiliging opvanglocaties vluchtelingen,open,De gemeente Montferland heeft sinds de oorlog tussen Oekraïne en Rusland voor de opvang van vluchtelingen 2 locaties beschikbaar gesteld.  Opdrachten zijn middels een spoed één op één gegund. Inmiddels is inzichtelijk geworden dat deze opvanglocaties voor langere tijd geopend zullen blijven en aangezien geen sprake is van onvoorziene gebeurtenissen die niet aan Gemeente Montferland te wijten zijn en hebben wij de verplichting deze diensten Europees aan te besteden en heeft de gemeente het doel middels deze Europese openbare aanbesteding een overeenkomst af te sluiten met een opdrachtnemer.   ,
data/known_urgent/209678-2024,Shredderen huishoudelijk afval,neg-wo-call,Betreft inkoop shredderen huishoudelijk afval Amstelveen en vervoer vanaf shredder installatie naar AEB Amsterdam. Op basis van dwingende spoed volgt de gemeente Amstelveen hierdoor de procedure onderhandeling zonder bekendmaking. Het betreft het shredderen huishoudelijk afval Amstelveen en vervoer vanaf shredder installatie naar AEB Amsterdam van ca. 14375 ton per jaar.  Genoemde hoeveelheid is slechts een indicatie van de te verwachten hoeveelheid tijdens de loop van de af te sluiten Overeenkomst. Aan deze (indicatieve) hoeveelheid kan derhalve geen enkel recht worden ontleend.,
data/known_urgent/622788-2024,Overeenkomst transport en slopen van ex Hr. Ms. Hoogeveen,neg-wo-call,"“Het transporteren middels zwaar transport naar de locatie waar de ontmanteling plaatsvindt, aansluitend het ontmantelen/slopen (dit met volledige inachtneming van de in de EU geldende wet- en regelgeving ter zake van de ontmanteling van schepen) en het afvoeren van alle vrijkomende materialen, afvalstoffen en artikelen (dit ook met volledige inachtneming van de in EU geldende wet- en regelgeving) van voormalig marineschip Hr. Ms. Hoogeveen.”

Vanwege de dwingende spoed van deze opdracht i.v.m. de bouw van een nieuwe brug (oktober 2024) in Den Helder is gekozen voor een meervoudig onderhandse procedure waarbij 3 partijen zijn uitgenodigd om een inschrijving te doen. Deze partijen zijn op basis van objectieve criteria bepaald.
",
data/known_urgent/695836-2024,"Onderhoud technische installaties zwembaden (gem. Hengelo, Hardenberg, Ommen)",open,"Het doel van deze openbare Europese aanbesteding is het afsluiten van een overeenkomst met één opdrachtnemer(s) per perceel voor de uitvoering van het onderhoud aan technische installaties in de zwembaden van de gemeente Hengelo, Hardenberg en Ommen. ",
data/known_urgent/503059-2024,Accountantsdiensten,neg-wo-call,"Het uitvoeren van een controle van de jaarrekening bij de Regionale Belasting Groep voor het boekjaar 2024. Dit middels het uitbrengen van een auditplan, die een samenvatting geeft van de wijze waarop de controle van de jaarrekening bij de RBG plaatsvindt. 1,00","Medio 2024 is een nieuwe directeur aangetreden bij de RBG. Voor de continuïteit van en de dienstverlening door de RBG is bestuurlijk besloten de accountantscontrole nog 1 jaar (i.c. voor het verantwoordingsjaar 2024) te beleggen bij de huidige accountant. Belangrijk hierbij is dat de verantwoording in 2024 nog plaatsvindt onder de BBVW en vanaf 2025 onder de BBV, conform nieuwe regelgeving WGR."
data/known_urgent/620051-2024,Salaris- en personeelsinformatiesysteem,neg-wo-call,Levering van salaris- en personeelsinformatiesysteem in de vorm Software-as-a-Service (SaaS)-model 1,"De aanbestedende dienst ziet zich genoodzaakt om gebruik te maken van een onderhandelingsprocedure zonder voorafgaande aankondiging, conform artikel 32, lid 2, sub b van de Richtlijn 2014/24/EU betreffende overheidsopdrachten. Deze procedure is toegepast vanwege een wezenlijke wijziging in de bestaande overeenkomst met betrekking tot het personeelsinformatiesysteem en de salarisadministratie.
In dit geval heeft de contractant aangegeven dat de on-premise ICT-oplossing, die oorspronkelijk werd geleverd, zal worden gemigreerd naar een Software-as-a-Service (SaaS)-model. Daarnaast werd medegedeeld dat de ondersteuning voor de huidige on-premise oplossing op korte termijn zal worden beëindigd. Deze wijziging in de leveringsvorm en de beëindiging van de ondersteuning vormen een onvoorziene omstandigheid die de aanbestedende dienst dwingt tot het aanpassen van de contractuele afspraken zonder dat er voldoende tijd is voor een reguliere aanbestedingsprocedure.
Conform artikel 32 van de Richtlijn 2014/24/EU en artikel 2.32 van de Aanbestedingswet 2012 kan een onderhandelingsprocedure zonder aankondiging worden toegepast indien er sprake is van dwingende spoed die het gevolg is van onvoorziene gebeurtenissen, en wanneer het om technische of artistieke redenen, of vanwege de bescherming van exclusieve rechten, slechts één specifieke opdrachtnemer in aanmerking kan komen. In dit geval spelen zowel de technische afhankelijkheid van de huidige leverancier als de dringende noodzaak om de continuïteit van de salaris- en personeelsadministratie te waarborgen een doorslaggevende rol.
Aangezien de betrokken ICT-oplossing een essentieel systeem betreft voor de operationele en administratieve processen binnen de organisatie, is een grondige voorbereiding nodig voor het opstarten van een Europese aanbestedingsprocedure. Een dergelijke voorbereiding vergt echter aanzienlijke tijd en middelen. Gedurende deze periode moet de personeels- en salarisadministratie ononderbroken doorgaan, wat in dit geval alleen mogelijk is door voortzetting van de samenwerking met de huidige contractant onder de nieuwe voorwaarden.
De aanbestedende dienst heeft daarmee gehandeld in overeenstemming met de beginselen van proportionaliteit en transparantie, zoals vastgelegd in de Aanbestedingswet 2012. Tegelijkertijd is voldaan aan de vereisten voor de uitzonderingsbepalingen van de onderhandelingsprocedure zonder voorafgaande aankondiging, met als doel de continuïteit van kritieke bedrijfsprocessen te waarborgen, terwijl men zich voorbereidt op een reguliere aanbesteding voor de toekomstige levering van de SaaS-oplossing."
data/known_urgent/81046-2024,Bodemonderzoek en advies  ten behoeve van project Almere Pampus,neg-wo-call,Het uitvoeren van bodemonderzoeken circa € 1.500.000,
data/known_urgent/691986-2024,WFRL-11-31008 Beveiligingsdienstverlening,open,"De aanbestede Opdracht omvat:
1. Objectbeveiliging en mobiele surveillances;
2. Alarmopvolging;
3. Meldkamerdiensten
 4. Aanvullende dienstverlening op afroep.

De af te sluiten raamovereenkomst heeft als ingangsdatum 01-08-2024. De gewenste looptijd is drie (3) jaar met een optie tot verlenging onder dezelfde condities en voorwaarden van maximaal één (1) x 1 jaar.
Indien de verlengingsoptie door Opdrachtgever wordt uitgeoefend, eindigt deze Raamovereenkomst van rechtswege op 31-07-2028.
 
",
data/known_urgent/17753-2024,Vrijwillige transparantie vooraf m.b.t. levering elektriciteit,neg-wo-call,"Het leveren van elektriciteit voor de gemeente Schiedam en verbonden partijen (Stedelijk Museum, Sportbedrijf Schiedam) voor 2024. 8105459KwH",
data/known_urgent/750115-2023,Regionale Inkooporganisatie Groninger Gemeenten (RIGG) - Uitvoering diensten Jeugdwet: Spoed voor Jeugd Groningen (regionale beschik- en bereikbaarheidsdienst crisisjeugdhulp),neg-wo-call,"Spoed voor Jeugd Groningen heeft als opdracht het in stand houden van het centrale meldpunt voor kinderen of jongeren met psychische, opvoedings- of gedragsproblemen, waarbij de problematiek zo ernstig is dat het een gevaar oplevert voor de psychische of lichamelijke gezondheid van het kind, de jongere of de omgeving. Spoed voor Jeugd Groningen beschikt daarnaast over een domein overstijgend crisisinterventieteam voor crisissituaties in beginsel bij kinderen en jongeren tot 18 jaar. In totaal worden er 1.207 diensten (voorwacht, regiebehandelaars en achterwacht) ingevuld door een mix aan disciplines, gedurende 365 dagen per jaar.","De onderhandelingsprocedure zonder voorafgaande bekendmaking (ook wel gunning met vrijwillige transparantie vooraf) wordt toegepast vanwege het ontbreken van mededinging om technische redenen, zoals bedoeld in AW 2.32, sub b. De regionale beschik- en bereikbaarheidsdienst crisisjeugdhulp wordt nu uitgevoerd door een groot deel van de in de regio werkzaam GGZ aanbieders, onder de werktitel Spoed voor Jeugd Groningen. Spoed voor Jeugd Groningen heeft als opdracht het in stand houden van het centrale meldpunt voor kinderen of jongeren met psychische, opvoedings- of gedragsproblemen, waarbij de problematiek zo ernstig is dat het een gevaar oplevert voor de psychische of lichamelijke gezondheid van het kind, de jongere of de omgeving. Spoed voor Jeugd Groningen beschikt over een domein overstijgend crisisinterventieteam voor crisissituaties in beginsel bij kinderen en jongeren tot 18 jaar. 

De opdracht kan alleen door het huidige samenwerkingsverband van jeugdhulpaanbieders worden uitgevoerd wegens het ontbreken van mededinging om technische redenen. Gezien de krapte op de regionale arbeidsmarkt voor regiebehandelaren en kinder- en Jeugdpsychiaters (functies die nodig zijn om de opdracht te kunnen uitvoeren) zijn er niet meer jeugdhulpaanbieders dan die jeugdhulpaanbieders die nu verenigd zijn in het samenwerkingsverband, die als samenwerkingsverband de gewenste opdracht kunnen uitvoeren. De opdracht is gezien de verantwoordelijkheid van de gemeenten op basis van de Jeugdwet en wettelijke eisen gesteld aan de jeugdhulpaanbieders bovendien niet anders te specificeren."
data/known_urgent/657915-2023,Aankondiging in het kader van vrijwillige transparantie vooraf i.v.m. Inhuur professionals,neg-wo-call,werven en selecteren van inhuurkrachten. werven en selecteren van inhuurkrachten. Zie toegevoegd document,
data/known_urgent/164198-2024,Locatiemanagement noodopvang asielzoekers,neg-wo-call,"Locatiemanagement noodopvang asielzoekers Betreft een periode van 180 dagen, 150 personen",
data/known_urgent/98458-2024,Opvang vluchtelingen hotel Best Western,neg-wo-call,opvang vluchtelingen Oekraïne 7.600.350,"Er is maar 1 geschikte ondernemer om deze opdracht uit te voeren

Gemeente Rijswijk stelt het belang van Oekraïense ontheemden voorop. Hun traumatische ervaringen zorgen voor steeds meer zichtbare psychosociale problematiek. Zij kunnen slecht omgaan met wisselingen en hebben behoefte aan rust, vertrouwen, zekerheid en herkenbare ondersteuning van hoge kwaliteit. Rijswijk wil hen dat bieden.
De huidige partner heeft aangetoond dat te kunnen en vangt al bijna twee jaar een groot aantal Oekraïense vluchtelingen op. Na onderzoek is gebleken dat hotel Best Western de enige partij in Rijswijk is die de mogelijkheid heeft en bereid is tot de opvang van de ongeveer 250 Oekraïense vluchtelingen aan wie Rijswijk gemeentelijke opvang biedt.

Wij hebben daarbij de voorwaarden, dat:
- de kamers een minimale oppervlakte van 25 m2 hebben;
- er een receptie die 24 uur per dag beschikbaar is en 7 dagen per week is bemenst;
- huisdieren zijn toegestaan.

Bovendien zorgt dit hotel  voor sociale beveiliging in het gebouw als aanspreekpunt voor de Oekraïense ontheemden. Kamers worden wekelijks schoongemaakt en voorzien van schoon bedlinnen en badtextiel. Housekeeping heeft tevens een signalerende taak om mogelijke overlast te signaleren en voorkomen.

Oekraïense vluchtelingen voelen zich inmiddels thuis in deze tijdelijke opvang en zijn bekend met het lokale netwerk en de centrale ondersteuning die de gemeente op de locatie biedt. Bovendien staat de huidige partner huisdieren op de kamer toe, iets dat voor veel Oekraïense ontheemden een belangrijke wens is. Met de verdeling van de vluchtelingen wordt daar rekening mee gehouden omdat er in de regio geen of nauwelijks opvanglocaties zijn waar huisdieren zijn toegestaan. Wij zijn daarmee vrijwel de enige locatie waar vluchtelingen met een huisdier terecht kunnen. Daarnaast zijn drie maaltijden per dag (afgestemd op de eetwensen van Oekraïense gasten) en dranken (koffie, thee, water) inbegrepen. 
Om deze en andere dwingende redenen van algemeen belang en daarmee samenhangende spoed komt een andere aanbieder of aanpak niet in beeld."
data/known_urgent/700376-2023,Cateringdiensten opvang derdelanders,neg-wo-call,Beveiligingsdiensten Zonnehof opvang derdelanders Cateringdiensten voor 4 maanden voor opvanglocatie derdelanders,"Gemeente Amersfoort vangt sinds maart 2022 Oekraïense ontheemden op. De betreffende locatie, een verbouwd kantoorpand, is sinds maart 2022 in gebruik als opvanglocatie. De bedoeling was om het pand vanaf 1 oktober 2023 te sluiten omdat er voldoende plekken voor Oekraïners beschikbaar zijn op 2 nieuwe opvanglocaties. Op deze locatie wonen nu nog zo’n 80 zgn derdelanders die volgens het Rijksbeleid per 4 september 2023 het land hadden moeten verlaten. 
Echter, kort voor de datum van 4 september heeft de staatssecretaris laten weten dat de derdelanders in Nederland mogen blijven totdat de Raad van State heeft geoordeeld of de geplande uitzetting rechtmatig is en dus ook recht blijven houden op de voorzieningen waar zij voor 4 september ook recht op hadden. Dit houdt een verplichting in voor de gemeente Amersfoort. Het oordeel van de Raad van State wordt eind 2023 verwacht. 
Op de nieuwe locaties is echter geen ruimte voor de 80 derdelanders. De gemeente Amersfoort heeft er daarom vanwege dwingende spoed voor gekozen de huidige locatie langer open te houden en de catering voort te zetten, om de 80 derdelanders de voorzieningen te kunnen blijven bieden waar zij recht op hebben. De overeenkomsten met de huidige opdrachtnemers zijn verlengd tot 1 februari 2024, wanneer de nieuwe locatie wordt opgeleverd en de derdelanders daar eventueel opgevangen kunnen worden. 
Na oplevering van nieuwe locaties in 2024 sluiten we deze locatie als opvanglocatie."
data/known_urgent/700906-2023,Chalets ten behoeve van opvang vluchtelingen Oekraïne,neg-wo-call,Chalets ten behoeve van opvang vluchtelingen Oekraïne Aanschaf van 22 chalets,
data/known_urgent/331176-2024,"Beheer flexwoningen (onderhoud, verhuur en beheer woningen voor ontheemden uit Oekraïne, statushouders en urgente woningzoekenden).",neg-wo-call,"De gemeente Leeuwarden heeft voor het beheren van 192 tijdelijke woningen (flexwoningen) gelegen aan de Snekertrekweg te Leeuwarden de procedure van onderhandeling zonder voorafgaande bekendmaking toegepast conform artikel 2.32 lid 1 sub c van de Aanbestedingswet 2012. De looptijd van de beheerovereenkomst is van 31 oktober 2023 tot en met 31 oktober 2033. Deze looptijd is noodzakelijk om het beheer en de begeleiding zorgvuldig te beleggen en continuïteit daarvan te waarborgen. 

Het beheer in het kader van de opdracht bestaat uit het onderhouden, verhuren en beheren (bestaande uit taken met betrekking tot financieel en administratief beheer, technisch beheer, commercieel beheer en sociaal-maatschappelijk beheer) van de flexwoningen. De opdracht omvat daarmee ook ondersteuning van huurders door bijvoorbeeld te begeleiden bij de zoektocht naar niet-tijdelijke woonruimte elders of hen te verwijzen naar maatschappelijke organisaties, schuldhulpverlening en zorginstellingen.

De flexwoningen worden ingezet voor de huisvesting van ontheemden uit Oekraïne, voor statushouders als tussenvoorziening en voor urgente woningzoekenden die op korte termijn over tijdelijke huisvesting dienen te beschikken. Het betreft dan ook volledig sociale verhuur. Voor de huisvesting van ontheemden uit Oekraïne geldt dat geen huurovereenkomst wordt gesloten. Wel geldt een huishoudelijk reglement.
 
Gezien de doelgroep is het essentieel dat de opdrachtnemer beschikt over aantoonbare ervaring met het beheren van (sociale) huurwoningen voor en de sociaal-maatschappelijke begeleiding van kwetsbare doelgroepen. Belangrijk aspect voor de uitvoering van de opdracht is dat de verhuur- en beheerkosten zo laag mogelijk blijven (kostendekkend) en niet gericht zijn op het maken van winst. 

Dwingende spoed
Gezien de situatie was er geen mogelijkheid om over te gaan tot een reguliere Europese openbare aanbesteding. Het uitbreken van de oorlog in Oekraïne en het ontstaan van een aanhoudende grote vluchtelingenstroom waren onvoorzienbaar en maakten het voor de gemeente noodzakelijk om op de kortst mogelijke termijn opvanglocaties te realiseren. Aanvankelijk waren lokale woningcorporaties beoogd als beheerder(s) van de flexwoningen. In deze periode hebben gesprekken plaatsgevonden voor een partner in deze ontwikkeling. De gemeente meende dat woningcorporaties hiervoor op grond van hun wettelijke taak de eerste aangewezenen zouden zijn. 

Nadat in juni 2023 is gebleken dat woningcorporaties niet bereid zijn om deze opvangtaak op zich te nemen, was er onvoldoende tijd beschikbaar om een openbare Europese aanbestedingsprocedure voor te bereiden en te doorlopen. Nadat de woningcorporaties hadden aangegeven geen onderdeel te willen uitmaken van deze ontwikkeling is met spoed breder gezocht naar een partner die zo veel mogelijk lijkt op een woningcorporatie. Bij deze bredere verkenning is in juli 2023 enkel CareX als geïnteresseerde opdrachtnemer naar voren gekomen. Derhalve is de onderhandelingsprocedure conform artikel 2.32 Aw met CareX gestart.  

De initiële planning was dat vanaf november 2023 de eerste bewoners gehuisvest zouden worden. Om dit mogelijk te maken, moesten vanaf augustus/september 2023 de voorbereidingen voor het uitvoeren van de opdracht starten. Bijvoorbeeld het ontwikkelen van het format en het vaststellen van huurprijzen en huurovereenkomsten voor toekomstige bewoners. 

De opdrachtwaarde bestaat uit € 1.152.000,- voor de zuivere beheerfee en €835.000,- aan servicekosten die bewoners aan CareX betalen. De totale opdrachtwaarde bedraagt daarmee € 1.987.000,- gedurende de gehele looptijd van de opdracht (10 jaar). 

",
data/known_urgent/666833-2024,31198969: JUKA - Uitvoering in den droge,neg-wo-call,"In het traject Berg-Born (hierna ook wel genoemd object 1.1.2) moeten de bodem en oevers, waar niet verruimd hoeft te worden, gerenoveerd worden. De gehele bodem en oever tussen km 16.800 en 20,645 behoort tot de scope, totdat een nader onderzoek of inspectie uitwijst dat (onderdelen van) de renovatiewerkzaamheden niet nodig zijn. Ook de in 2023 bezweken en gestabiliseerde
bouwkuip moet worden verwijderd. Deze (spoedeisende) werkzaamheden moeten zo spoedig mogelijk in het volledig droge worden uitgevoerd d.w.z. dat bovenstrooms van het object 1.1.2 eerst een (tijdelijke)
dam gerealiseerd moet worden over de gehele breedte van het kanaal.
We onderscheiden derhalve verruimingswerkzaamheden:
•	Verbreden van het kanaal;
•	Verdiepen van het kanaal;
•	Aanbrengen nieuwe waterremmende laag met bescherming;
en renovatiewerkzaamheden:
•	Profileren bodem en oevers en verwijderen bestaande breukstenen toplaag;
•	Aanbrengen nieuwe waterremmende laag met bescherming. Zie het reeds ingevulde veld m.b.t. de korte omschrijving.","Als gevolg van een calamiteit op het Julianakanaal op 23 februari 2023 tussen Berg en Obbicht ontstonden vervolgens risico’s en gevaren voor de omgeving:
1.	Gevaar voor de scheepvaartveiligheid (incl. dood of lichamelijk letsel);
2.	Gevaar voor overstromingen/vernatting van de omgeving w.o. kelders van omwonenden / schade aan onroerend goed;
3.	Schade aan de Kingbeek, een ecologisch kwetsbaar natuurgebied met daarin zeldzame flora en fauna, doordat water vanuit het kanaal door lekkage het gebied instroomt.

Rijkswaterstaat heeft vanwege “dwingende spoed” o.b.v. Art. 2.32 lid 1 sub c Aw, maatregelen moeten treffen om per direct een einde te willen/moeten maken aan deze onveilige situaties. 
De termijnen van de (niet)openbare procedure of de mededingingsprocedure met onderhandeling konden hierbij wegens dwingende spoed niet in acht worden genomen, als gevolg van gebeurtenissen die door de aanbestedende dienst niet konden worden voorzien en die niet aan de aanbestedende dienst zijn te wijten."
data/known_urgent/696078-2024,Meerwerk schoonmaak tijdelijke opvanglocaties ontheemden,neg-wo-call,Als gevolg van meer vervuiling dan voorzien is een aanpassing in het schoonmaakprogramma noodzakelijk. Zie ook bijgevoegde onderbouwing. +/- 25% van de oorspronkelijke opdracht,"Beroep op uitzonderingsgrond artikel 2.163f van de Aanbestedingswet
2012. Zie bijgevoegde onderbouwing."
